{
  "name": "VAULTCLERK_Universal_Form",
  "version": "1.0.0",
  "fields": [
    {
      "id": "intake_channel",
      "type": "string",
      "required": true
    },
    {
      "id": "received_datetime",
      "type": "datetime",
      "required": true
    },
    {
      "id": "subject",
      "type": "string",
      "required": true
    },
    {
      "id": "requestor_name",
      "type": "string",
      "required": false
    },
    {
      "id": "location",
      "type": "string",
      "required": false
    },
    {
      "id": "notes",
      "type": "string",
      "required": false
    },
    {
      "id": "attachments",
      "type": "array",
      "items": "file",
      "required": false
    }
  ],
  "metadata_extensions": [
    {
      "id": "legal_hold",
      "type": "boolean"
    },
    {
      "id": "retention_code",
      "type": "string"
    }
  ]
}